#,Time,%Passes,Change,Test,Pass,Partial,Fail,Untested
0,Wed Oct 30 14:05:51 EDT 2019,6,6,Assignment4Suite,EmptyTest0+ SizeTest0+ , ,ContainsTest0- ContainsTest1- ContainsTest2- EmptyTest1- EmptyTest2- FindMinMaxTest0- FindMinMaxTest1- FindMinMaxTest2- HeightTest- InsertAfterRemoveTest0- InsertAfterRemoveTest1- InsertAfterRemoveTest2- InsertTest0- InsertTest1- InsertTest2- InsertTest3- InsertTest4- InsertTest5- RemoveTest0- RemoveTest1- RemoveTest2- RemoveTest3- RemoveTest4- RemoveTest5- RemoveTest6- RemoveTest7- SizeTest1- SizeTest2- SizeTest3- , ,
1,Wed Oct 30 14:07:37 EDT 2019,6,0,Assignment4Suite,EmptyTest0 SizeTest0 , ,ContainsTest0 ContainsTest1 ContainsTest2 EmptyTest1 EmptyTest2 FindMinMaxTest0 FindMinMaxTest1 FindMinMaxTest2 HeightTest InsertAfterRemoveTest0 InsertAfterRemoveTest1 InsertAfterRemoveTest2 InsertTest0 InsertTest1 InsertTest2 InsertTest3 InsertTest4 InsertTest5 RemoveTest0 RemoveTest1 RemoveTest2 RemoveTest3 RemoveTest4 RemoveTest5 RemoveTest6 RemoveTest7 SizeTest1 SizeTest2 SizeTest3 , ,
2,Wed Oct 30 14:08:10 EDT 2019,6,0,Assignment4Suite,EmptyTest0 SizeTest0 , ,ContainsTest0 ContainsTest1 ContainsTest2 EmptyTest1 EmptyTest2 FindMinMaxTest0 FindMinMaxTest1 FindMinMaxTest2 HeightTest InsertAfterRemoveTest0 InsertAfterRemoveTest1 InsertAfterRemoveTest2 InsertTest0 InsertTest1 InsertTest2 InsertTest3 InsertTest4 InsertTest5 RemoveTest0 RemoveTest1 RemoveTest2 RemoveTest3 RemoveTest4 RemoveTest5 RemoveTest6 RemoveTest7 SizeTest1 SizeTest2 SizeTest3 , ,
3,Wed Oct 30 14:10:00 EDT 2019,6,0,Assignment4Suite,EmptyTest0 SizeTest0 , ,ContainsTest0 ContainsTest1 ContainsTest2 EmptyTest1 EmptyTest2 FindMinMaxTest0 FindMinMaxTest1 FindMinMaxTest2 HeightTest InsertAfterRemoveTest0 InsertAfterRemoveTest1 InsertAfterRemoveTest2 InsertTest0 InsertTest1 InsertTest2 InsertTest3 InsertTest4 InsertTest5 RemoveTest0 RemoveTest1 RemoveTest2 RemoveTest3 RemoveTest4 RemoveTest5 RemoveTest6 RemoveTest7 SizeTest1 SizeTest2 SizeTest3 , ,
4,Wed Oct 30 14:31:33 EDT 2019,6,0,Assignment4Suite,EmptyTest0 SizeTest0 , ,ContainsTest0 ContainsTest1 ContainsTest2 EmptyTest1 EmptyTest2 FindMinMaxTest0 FindMinMaxTest1 FindMinMaxTest2 HeightTest InsertAfterRemoveTest0 InsertAfterRemoveTest1 InsertAfterRemoveTest2 InsertTest0 InsertTest1 InsertTest2 InsertTest3 InsertTest4 InsertTest5 RemoveTest0 RemoveTest1 RemoveTest2 RemoveTest3 RemoveTest4 RemoveTest5 RemoveTest6 RemoveTest7 SizeTest1 SizeTest2 SizeTest3 , ,
5,Wed Oct 30 14:33:59 EDT 2019,6,0,Assignment4Suite,EmptyTest0 SizeTest0 , ,ContainsTest0 ContainsTest1 ContainsTest2 EmptyTest1 EmptyTest2 FindMinMaxTest0 FindMinMaxTest1 FindMinMaxTest2 HeightTest InsertAfterRemoveTest0 InsertAfterRemoveTest1 InsertAfterRemoveTest2 InsertTest0 InsertTest1 InsertTest2 InsertTest3 InsertTest4 InsertTest5 RemoveTest0 RemoveTest1 RemoveTest2 RemoveTest3 RemoveTest4 RemoveTest5 RemoveTest6 RemoveTest7 SizeTest1 SizeTest2 SizeTest3 , ,
6,Wed Oct 30 14:57:11 EDT 2019,29,23,Assignment4Suite,ContainsTest2+ EmptyTest0 EmptyTest1+ HeightTest+ InsertTest5+ RemoveTest0+ RemoveTest1+ RemoveTest3+ SizeTest0 , ,ContainsTest0 ContainsTest1 EmptyTest2 FindMinMaxTest0 FindMinMaxTest1 FindMinMaxTest2 InsertAfterRemoveTest0 InsertAfterRemoveTest1 InsertAfterRemoveTest2 InsertTest0 InsertTest1 InsertTest2 InsertTest3 InsertTest4 RemoveTest2 RemoveTest4 RemoveTest5 RemoveTest6 RemoveTest7 SizeTest1 SizeTest2 SizeTest3 , ,
7,Wed Oct 30 15:07:06 EDT 2019,32,3,Assignment4Suite,ContainsTest2 EmptyTest0 EmptyTest1 HeightTest InsertTest5 RemoveTest0 RemoveTest1 RemoveTest2+ RemoveTest3 SizeTest0 , ,ContainsTest0 ContainsTest1 EmptyTest2 FindMinMaxTest0 FindMinMaxTest1 FindMinMaxTest2 InsertAfterRemoveTest0 InsertAfterRemoveTest1 InsertAfterRemoveTest2 InsertTest0 InsertTest1 InsertTest2 InsertTest3 InsertTest4 RemoveTest4 RemoveTest5 RemoveTest6 RemoveTest7 SizeTest1 SizeTest2 SizeTest3 , ,
8,Wed Oct 30 15:14:26 EDT 2019,32,0,Assignment4Suite,ContainsTest2 EmptyTest0 EmptyTest1 HeightTest InsertTest5 RemoveTest0 RemoveTest1 RemoveTest2 RemoveTest3 SizeTest0 , ,ContainsTest0 ContainsTest1 EmptyTest2 FindMinMaxTest0 FindMinMaxTest1 FindMinMaxTest2 InsertAfterRemoveTest0 InsertAfterRemoveTest1 InsertAfterRemoveTest2 InsertTest0 InsertTest1 InsertTest2 InsertTest3 InsertTest4 RemoveTest4 RemoveTest5 RemoveTest6 RemoveTest7 SizeTest1 SizeTest2 SizeTest3 , ,
9,Wed Oct 30 15:22:54 EDT 2019,32,0,Assignment4Suite,ContainsTest2 EmptyTest0 EmptyTest1 HeightTest InsertTest5 RemoveTest0 RemoveTest1 RemoveTest2 RemoveTest3 SizeTest0 , ,ContainsTest0 ContainsTest1 EmptyTest2 FindMinMaxTest0 FindMinMaxTest1 FindMinMaxTest2 InsertAfterRemoveTest0 InsertAfterRemoveTest1 InsertAfterRemoveTest2 InsertTest0 InsertTest1 InsertTest2 InsertTest3 InsertTest4 RemoveTest4 RemoveTest5 RemoveTest6 RemoveTest7 SizeTest1 SizeTest2 SizeTest3 , ,
10,Wed Oct 30 17:00:30 EDT 2019,32,0,Assignment4Suite,ContainsTest2 EmptyTest0 EmptyTest1 HeightTest InsertTest5 RemoveTest0 RemoveTest1 RemoveTest2 RemoveTest3 SizeTest0 , ,ContainsTest0 ContainsTest1 EmptyTest2 FindMinMaxTest0 FindMinMaxTest1 FindMinMaxTest2 InsertAfterRemoveTest0 InsertAfterRemoveTest1 InsertAfterRemoveTest2 InsertTest0 InsertTest1 InsertTest2 InsertTest3 InsertTest4 RemoveTest4 RemoveTest5 RemoveTest6 RemoveTest7 SizeTest1 SizeTest2 SizeTest3 , ,
11,Wed Oct 30 17:07:17 EDT 2019,32,0,Assignment4Suite,ContainsTest2 EmptyTest0 EmptyTest1 HeightTest InsertTest5 RemoveTest0 RemoveTest1 RemoveTest2 RemoveTest3 SizeTest0 , ,ContainsTest0 ContainsTest1 EmptyTest2 FindMinMaxTest0 FindMinMaxTest1 FindMinMaxTest2 InsertAfterRemoveTest0 InsertAfterRemoveTest1 InsertAfterRemoveTest2 InsertTest0 InsertTest1 InsertTest2 InsertTest3 InsertTest4 RemoveTest4 RemoveTest5 RemoveTest6 RemoveTest7 SizeTest1 SizeTest2 SizeTest3 , ,
12,Wed Oct 30 17:26:46 EDT 2019,32,0,Assignment4Suite,ContainsTest2 EmptyTest0 EmptyTest1 HeightTest InsertTest5 RemoveTest0 RemoveTest1 RemoveTest2 RemoveTest3 SizeTest0 , ,ContainsTest0 ContainsTest1 EmptyTest2 FindMinMaxTest0 FindMinMaxTest1 FindMinMaxTest2 InsertAfterRemoveTest0 InsertAfterRemoveTest1 InsertAfterRemoveTest2 InsertTest0 InsertTest1 InsertTest2 InsertTest3 InsertTest4 RemoveTest4 RemoveTest5 RemoveTest6 RemoveTest7 SizeTest1 SizeTest2 SizeTest3 , ,
13,Wed Oct 30 17:31:55 EDT 2019,32,0,Assignment4Suite,ContainsTest2 EmptyTest0 EmptyTest1 HeightTest InsertTest5 RemoveTest0 RemoveTest1 RemoveTest2 RemoveTest3 SizeTest0 , ,ContainsTest0 ContainsTest1 EmptyTest2 FindMinMaxTest0 FindMinMaxTest1 FindMinMaxTest2 InsertAfterRemoveTest0 InsertAfterRemoveTest1 InsertAfterRemoveTest2 InsertTest0 InsertTest1 InsertTest2 InsertTest3 InsertTest4 RemoveTest4 RemoveTest5 RemoveTest6 RemoveTest7 SizeTest1 SizeTest2 SizeTest3 , ,
14,Wed Oct 30 17:36:25 EDT 2019,32,0,Assignment4Suite,ContainsTest2 EmptyTest0 EmptyTest1 HeightTest InsertTest5 RemoveTest0 RemoveTest1 RemoveTest2 RemoveTest3 SizeTest0 , ,ContainsTest0 ContainsTest1 EmptyTest2 FindMinMaxTest0 FindMinMaxTest1 FindMinMaxTest2 InsertAfterRemoveTest0 InsertAfterRemoveTest1 InsertAfterRemoveTest2 InsertTest0 InsertTest1 InsertTest2 InsertTest3 InsertTest4 RemoveTest4 RemoveTest5 RemoveTest6 RemoveTest7 SizeTest1 SizeTest2 SizeTest3 , ,
15,Wed Oct 30 17:44:59 EDT 2019,32,0,Assignment4Suite,ContainsTest2 EmptyTest0 EmptyTest1 HeightTest InsertTest5 RemoveTest0 RemoveTest1 RemoveTest2 RemoveTest3 SizeTest0 , ,ContainsTest0 ContainsTest1 EmptyTest2 FindMinMaxTest0 FindMinMaxTest1 FindMinMaxTest2 InsertAfterRemoveTest0 InsertAfterRemoveTest1 InsertAfterRemoveTest2 InsertTest0 InsertTest1 InsertTest2 InsertTest3 InsertTest4 RemoveTest4 RemoveTest5 RemoveTest6 RemoveTest7 SizeTest1 SizeTest2 SizeTest3 , ,
16,Wed Oct 30 18:15:19 EDT 2019,32,0,Assignment4Suite,ContainsTest2 EmptyTest0 EmptyTest1 HeightTest InsertTest5 RemoveTest0 RemoveTest1 RemoveTest2 RemoveTest3 SizeTest0 , ,ContainsTest0 ContainsTest1 EmptyTest2 FindMinMaxTest0 FindMinMaxTest1 FindMinMaxTest2 InsertAfterRemoveTest0 InsertAfterRemoveTest1 InsertAfterRemoveTest2 InsertTest0 InsertTest1 InsertTest2 InsertTest3 InsertTest4 RemoveTest4 RemoveTest5 RemoveTest6 RemoveTest7 SizeTest1 SizeTest2 SizeTest3 , ,
17,Wed Oct 30 20:02:16 EDT 2019,32,0,Assignment4Suite,ContainsTest2 EmptyTest0 EmptyTest1 HeightTest InsertTest5 RemoveTest0 RemoveTest1 RemoveTest2 RemoveTest3 SizeTest0 , ,ContainsTest0 ContainsTest1 EmptyTest2 FindMinMaxTest0 FindMinMaxTest1 FindMinMaxTest2 InsertAfterRemoveTest0 InsertAfterRemoveTest1 InsertAfterRemoveTest2 InsertTest0 InsertTest1 InsertTest2 InsertTest3 InsertTest4 RemoveTest4 RemoveTest5 RemoveTest6 RemoveTest7 SizeTest1 SizeTest2 SizeTest3 , ,
18,Wed Oct 30 20:03:11 EDT 2019,32,0,Assignment4Suite,ContainsTest2 EmptyTest0 EmptyTest1 HeightTest InsertTest5 RemoveTest0 RemoveTest1 RemoveTest2 RemoveTest3 SizeTest0 , ,ContainsTest0 ContainsTest1 EmptyTest2 FindMinMaxTest0 FindMinMaxTest1 FindMinMaxTest2 InsertAfterRemoveTest0 InsertAfterRemoveTest1 InsertAfterRemoveTest2 InsertTest0 InsertTest1 InsertTest2 InsertTest3 InsertTest4 RemoveTest4 RemoveTest5 RemoveTest6 RemoveTest7 SizeTest1 SizeTest2 SizeTest3 , ,
19,Wed Oct 30 20:03:40 EDT 2019,32,0,Assignment4Suite,ContainsTest2 EmptyTest0 EmptyTest1 HeightTest InsertTest5 RemoveTest0 RemoveTest1 RemoveTest2 RemoveTest3 SizeTest0 , ,ContainsTest0 ContainsTest1 EmptyTest2 FindMinMaxTest0 FindMinMaxTest1 FindMinMaxTest2 InsertAfterRemoveTest0 InsertAfterRemoveTest1 InsertAfterRemoveTest2 InsertTest0 InsertTest1 InsertTest2 InsertTest3 InsertTest4 RemoveTest4 RemoveTest5 RemoveTest6 RemoveTest7 SizeTest1 SizeTest2 SizeTest3 , ,
20,Wed Oct 30 20:06:06 EDT 2019,32,0,Assignment4Suite,ContainsTest2 EmptyTest0 EmptyTest1 HeightTest InsertTest5 RemoveTest0 RemoveTest1 RemoveTest2 RemoveTest3 SizeTest0 , ,ContainsTest0 ContainsTest1 EmptyTest2 FindMinMaxTest0 FindMinMaxTest1 FindMinMaxTest2 InsertAfterRemoveTest0 InsertAfterRemoveTest1 InsertAfterRemoveTest2 InsertTest0 InsertTest1 InsertTest2 InsertTest3 InsertTest4 RemoveTest4 RemoveTest5 RemoveTest6 RemoveTest7 SizeTest1 SizeTest2 SizeTest3 , ,
21,Wed Oct 30 20:08:03 EDT 2019,45,13,Assignment4Suite,ContainsTest2 EmptyTest0 EmptyTest2+ FindMinMaxTest0+ FindMinMaxTest2+ HeightTest InsertTest5 RemoveTest0 RemoveTest1 RemoveTest2 RemoveTest3 SizeTest0 SizeTest1+ SizeTest3+ , ,ContainsTest0 ContainsTest1 EmptyTest1- FindMinMaxTest1 InsertAfterRemoveTest0 InsertAfterRemoveTest1 InsertAfterRemoveTest2 InsertTest0 InsertTest1 InsertTest2 InsertTest3 InsertTest4 RemoveTest4 RemoveTest5 RemoveTest6 RemoveTest7 SizeTest2 , ,
22,Wed Oct 30 20:08:34 EDT 2019,51,6,Assignment4Suite,ContainsTest2 EmptyTest0 EmptyTest1+ EmptyTest2 FindMinMaxTest0 FindMinMaxTest2 HeightTest InsertTest5 RemoveTest0 RemoveTest1 RemoveTest2 RemoveTest3 SizeTest0 SizeTest1 SizeTest2+ SizeTest3 , ,ContainsTest0 ContainsTest1 FindMinMaxTest1 InsertAfterRemoveTest0 InsertAfterRemoveTest1 InsertAfterRemoveTest2 InsertTest0 InsertTest1 InsertTest2 InsertTest3 InsertTest4 RemoveTest4 RemoveTest5 RemoveTest6 RemoveTest7 , ,
23,Wed Oct 30 20:15:32 EDT 2019,51,0,Assignment4Suite,ContainsTest2 EmptyTest0 EmptyTest1 EmptyTest2 FindMinMaxTest0 FindMinMaxTest2 HeightTest InsertTest5 RemoveTest0 RemoveTest1 RemoveTest2 RemoveTest3 SizeTest0 SizeTest1 SizeTest2 SizeTest3 , ,ContainsTest0 ContainsTest1 FindMinMaxTest1 InsertAfterRemoveTest0 InsertAfterRemoveTest1 InsertAfterRemoveTest2 InsertTest0 InsertTest1 InsertTest2 InsertTest3 InsertTest4 RemoveTest4 RemoveTest5 RemoveTest6 RemoveTest7 , ,
24,Wed Oct 30 20:18:55 EDT 2019,51,0,Assignment4Suite,ContainsTest2 EmptyTest0 EmptyTest1 EmptyTest2 FindMinMaxTest0 FindMinMaxTest2 HeightTest InsertTest5 RemoveTest0 RemoveTest1 RemoveTest2 RemoveTest3 SizeTest0 SizeTest1 SizeTest2 SizeTest3 , ,ContainsTest0 ContainsTest1 FindMinMaxTest1 InsertAfterRemoveTest0 InsertAfterRemoveTest1 InsertAfterRemoveTest2 InsertTest0 InsertTest1 InsertTest2 InsertTest3 InsertTest4 RemoveTest4 RemoveTest5 RemoveTest6 RemoveTest7 , ,
25,Wed Oct 30 20:19:10 EDT 2019,51,0,Assignment4Suite,ContainsTest2 EmptyTest0 EmptyTest1 EmptyTest2 FindMinMaxTest0 FindMinMaxTest2 HeightTest InsertTest5 RemoveTest0 RemoveTest1 RemoveTest2 RemoveTest3 SizeTest0 SizeTest1 SizeTest2 SizeTest3 , ,ContainsTest0 ContainsTest1 FindMinMaxTest1 InsertAfterRemoveTest0 InsertAfterRemoveTest1 InsertAfterRemoveTest2 InsertTest0 InsertTest1 InsertTest2 InsertTest3 InsertTest4 RemoveTest4 RemoveTest5 RemoveTest6 RemoveTest7 , ,
26,Wed Oct 30 20:19:54 EDT 2019,29,-22,Assignment4Suite,ContainsTest2 EmptyTest0 EmptyTest2 FindMinMaxTest0 FindMinMaxTest2 SizeTest0 SizeTest1 SizeTest2 SizeTest3 , ,ContainsTest0 ContainsTest1 EmptyTest1- FindMinMaxTest1 HeightTest- InsertAfterRemoveTest0 InsertAfterRemoveTest1 InsertAfterRemoveTest2 InsertTest0 InsertTest1 InsertTest2 InsertTest3 InsertTest4 InsertTest5- RemoveTest0- RemoveTest1- RemoveTest2- RemoveTest3- RemoveTest4 RemoveTest5 RemoveTest6 RemoveTest7 , ,
27,Wed Oct 30 20:20:17 EDT 2019,25,-4,Assignment4Suite,ContainsTest2 EmptyTest0 EmptyTest2 FindMinMaxTest0 FindMinMaxTest2 SizeTest0 SizeTest1 SizeTest3 , ,ContainsTest0 ContainsTest1 EmptyTest1 FindMinMaxTest1 HeightTest InsertAfterRemoveTest0 InsertAfterRemoveTest1 InsertAfterRemoveTest2 InsertTest0 InsertTest1 InsertTest2 InsertTest3 InsertTest4 InsertTest5 RemoveTest0 RemoveTest1 RemoveTest2 RemoveTest3 RemoveTest4 RemoveTest5 RemoveTest6 RemoveTest7 SizeTest2- , ,
28,Wed Oct 30 20:20:53 EDT 2019,51,26,Assignment4Suite,ContainsTest2 EmptyTest0 EmptyTest1+ EmptyTest2 FindMinMaxTest0 FindMinMaxTest2 HeightTest+ InsertTest5+ RemoveTest0+ RemoveTest1+ RemoveTest2+ RemoveTest3+ SizeTest0 SizeTest1 SizeTest2+ SizeTest3 , ,ContainsTest0 ContainsTest1 FindMinMaxTest1 InsertAfterRemoveTest0 InsertAfterRemoveTest1 InsertAfterRemoveTest2 InsertTest0 InsertTest1 InsertTest2 InsertTest3 InsertTest4 RemoveTest4 RemoveTest5 RemoveTest6 RemoveTest7 , ,
28,Wed Oct 30 20:20:53 EDT 2019,51,26,Assignment4Suite,ContainsTest2 EmptyTest0 EmptyTest1+ EmptyTest2 FindMinMaxTest0 FindMinMaxTest2 HeightTest+ InsertTest5+ RemoveTest0+ RemoveTest1+ RemoveTest2+ RemoveTest3+ SizeTest0 SizeTest1 SizeTest2+ SizeTest3 , ,ContainsTest0 ContainsTest1 FindMinMaxTest1 InsertAfterRemoveTest0 InsertAfterRemoveTest1 InsertAfterRemoveTest2 InsertTest0 InsertTest1 InsertTest2 InsertTest3 InsertTest4 RemoveTest4 RemoveTest5 RemoveTest6 RemoveTest7 , ,
29,Wed Oct 30 20:21:16 EDT 2019,6,-45,Assignment4Suite,EmptyTest0 SizeTest0 , ,ContainsTest0 ContainsTest1 ContainsTest2- EmptyTest1- EmptyTest2- FindMinMaxTest0- FindMinMaxTest1 FindMinMaxTest2- HeightTest- InsertAfterRemoveTest0 InsertAfterRemoveTest1 InsertAfterRemoveTest2 InsertTest0 InsertTest1 InsertTest2 InsertTest3 InsertTest4 InsertTest5- RemoveTest0- RemoveTest1- RemoveTest2- RemoveTest3- RemoveTest4 RemoveTest5 RemoveTest6 RemoveTest7 SizeTest1- SizeTest2- SizeTest3- , ,
30,Wed Oct 30 20:21:44 EDT 2019,6,0,Assignment4Suite,EmptyTest0 SizeTest0 , ,ContainsTest0 ContainsTest1 ContainsTest2 EmptyTest1 EmptyTest2 FindMinMaxTest0 FindMinMaxTest1 FindMinMaxTest2 HeightTest InsertAfterRemoveTest0 InsertAfterRemoveTest1 InsertAfterRemoveTest2 InsertTest0 InsertTest1 InsertTest2 InsertTest3 InsertTest4 InsertTest5 RemoveTest0 RemoveTest1 RemoveTest2 RemoveTest3 RemoveTest4 RemoveTest5 RemoveTest6 RemoveTest7 SizeTest1 SizeTest2 SizeTest3 , ,
31,Wed Oct 30 20:21:59 EDT 2019,32,26,Assignment4Suite,ContainsTest2+ EmptyTest0 EmptyTest2+ FindMinMaxTest0+ FindMinMaxTest2+ HeightTest+ InsertTest5+ SizeTest0 SizeTest1+ SizeTest3+ , ,ContainsTest0 ContainsTest1 EmptyTest1 FindMinMaxTest1 InsertAfterRemoveTest0 InsertAfterRemoveTest1 InsertAfterRemoveTest2 InsertTest0 InsertTest1 InsertTest2 InsertTest3 InsertTest4 RemoveTest0 RemoveTest1 RemoveTest2 RemoveTest3 RemoveTest4 RemoveTest5 RemoveTest6 RemoveTest7 SizeTest2 , ,
32,Wed Oct 30 20:23:43 EDT 2019,51,19,Assignment4Suite,ContainsTest2 EmptyTest0 EmptyTest1+ EmptyTest2 FindMinMaxTest0 FindMinMaxTest2 HeightTest InsertTest5 RemoveTest0+ RemoveTest1+ RemoveTest2+ RemoveTest3+ SizeTest0 SizeTest1 SizeTest2+ SizeTest3 , ,ContainsTest0 ContainsTest1 FindMinMaxTest1 InsertAfterRemoveTest0 InsertAfterRemoveTest1 InsertAfterRemoveTest2 InsertTest0 InsertTest1 InsertTest2 InsertTest3 InsertTest4 RemoveTest4 RemoveTest5 RemoveTest6 RemoveTest7 , ,
33,Wed Oct 30 20:24:47 EDT 2019,51,0,Assignment4Suite,ContainsTest2 EmptyTest0 EmptyTest1 EmptyTest2 FindMinMaxTest0 FindMinMaxTest2 HeightTest InsertTest5 RemoveTest0 RemoveTest1 RemoveTest2 RemoveTest3 SizeTest0 SizeTest1 SizeTest2 SizeTest3 , ,ContainsTest0 ContainsTest1 FindMinMaxTest1 InsertAfterRemoveTest0 InsertAfterRemoveTest1 InsertAfterRemoveTest2 InsertTest0 InsertTest1 InsertTest2 InsertTest3 InsertTest4 RemoveTest4 RemoveTest5 RemoveTest6 RemoveTest7 , ,
34,Wed Oct 30 20:28:40 EDT 2019,54,3,Assignment4Suite,ContainsTest2 EmptyTest0 EmptyTest1 EmptyTest2 FindMinMaxTest0 FindMinMaxTest2 HeightTest InsertAfterRemoveTest0+ InsertTest5 RemoveTest0 RemoveTest1 RemoveTest2 RemoveTest3 SizeTest0 SizeTest1 SizeTest2 SizeTest3 , ,ContainsTest0 ContainsTest1 FindMinMaxTest1 InsertAfterRemoveTest1 InsertAfterRemoveTest2 InsertTest0 InsertTest1 InsertTest2 InsertTest3 InsertTest4 RemoveTest4 RemoveTest5 RemoveTest6 RemoveTest7 , ,
35,Wed Oct 30 20:30:05 EDT 2019,25,-29,Assignment4Suite,ContainsTest2 EmptyTest0 EmptyTest1 EmptyTest2 FindMinMaxTest0 FindMinMaxTest2 SizeTest0 SizeTest1 , ,ContainsTest0 ContainsTest1 FindMinMaxTest1 HeightTest- InsertAfterRemoveTest0- InsertAfterRemoveTest1 InsertAfterRemoveTest2 InsertTest0 InsertTest1 InsertTest2 InsertTest3 InsertTest4 InsertTest5- RemoveTest0- RemoveTest1- RemoveTest2- RemoveTest3- RemoveTest4 RemoveTest5 RemoveTest6 RemoveTest7 SizeTest2- SizeTest3- , ,
36,Wed Oct 30 20:30:17 EDT 2019,25,0,Assignment4Suite,ContainsTest2 EmptyTest0 EmptyTest1 EmptyTest2 FindMinMaxTest0 FindMinMaxTest2 SizeTest0 SizeTest1 , ,ContainsTest0 ContainsTest1 FindMinMaxTest1 HeightTest InsertAfterRemoveTest0 InsertAfterRemoveTest1 InsertAfterRemoveTest2 InsertTest0 InsertTest1 InsertTest2 InsertTest3 InsertTest4 InsertTest5 RemoveTest0 RemoveTest1 RemoveTest2 RemoveTest3 RemoveTest4 RemoveTest5 RemoveTest6 RemoveTest7 SizeTest2 SizeTest3 , ,
37,Wed Oct 30 20:30:32 EDT 2019,54,29,Assignment4Suite,ContainsTest2 EmptyTest0 EmptyTest1 EmptyTest2 FindMinMaxTest0 FindMinMaxTest2 HeightTest+ InsertAfterRemoveTest0+ InsertTest5+ RemoveTest0+ RemoveTest1+ RemoveTest2+ RemoveTest3+ SizeTest0 SizeTest1 SizeTest2+ SizeTest3+ , ,ContainsTest0 ContainsTest1 FindMinMaxTest1 InsertAfterRemoveTest1 InsertAfterRemoveTest2 InsertTest0 InsertTest1 InsertTest2 InsertTest3 InsertTest4 RemoveTest4 RemoveTest5 RemoveTest6 RemoveTest7 , ,
38,Wed Oct 30 20:42:02 EDT 2019,19,-35,Assignment4Suite,EmptyTest0 HeightTest InsertAfterRemoveTest0 RemoveTest1 SizeTest0 SizeTest3 , ,ContainsTest0 ContainsTest1 ContainsTest2- EmptyTest1- EmptyTest2- FindMinMaxTest0- FindMinMaxTest1 FindMinMaxTest2- InsertAfterRemoveTest1 InsertAfterRemoveTest2 InsertTest0 InsertTest1 InsertTest2 InsertTest3 InsertTest4 InsertTest5- RemoveTest0- RemoveTest2- RemoveTest3- RemoveTest4 RemoveTest5 RemoveTest6 RemoveTest7 SizeTest1- SizeTest2- , ,
39,Wed Oct 30 20:42:15 EDT 2019,19,0,Assignment4Suite,EmptyTest0 HeightTest InsertAfterRemoveTest0 RemoveTest1 SizeTest0 SizeTest3 , ,ContainsTest0 ContainsTest1 ContainsTest2 EmptyTest1 EmptyTest2 FindMinMaxTest0 FindMinMaxTest1 FindMinMaxTest2 InsertAfterRemoveTest1 InsertAfterRemoveTest2 InsertTest0 InsertTest1 InsertTest2 InsertTest3 InsertTest4 InsertTest5 RemoveTest0 RemoveTest2 RemoveTest3 RemoveTest4 RemoveTest5 RemoveTest6 RemoveTest7 SizeTest1 SizeTest2 , ,
40,Wed Oct 30 20:43:24 EDT 2019,54,35,Assignment4Suite,ContainsTest2+ EmptyTest0 EmptyTest1+ EmptyTest2+ FindMinMaxTest0+ FindMinMaxTest2+ HeightTest InsertAfterRemoveTest0 InsertTest5+ RemoveTest0+ RemoveTest1 RemoveTest2+ RemoveTest3+ SizeTest0 SizeTest1+ SizeTest2+ SizeTest3 , ,ContainsTest0 ContainsTest1 FindMinMaxTest1 InsertAfterRemoveTest1 InsertAfterRemoveTest2 InsertTest0 InsertTest1 InsertTest2 InsertTest3 InsertTest4 RemoveTest4 RemoveTest5 RemoveTest6 RemoveTest7 , ,
41,Wed Oct 30 20:46:09 EDT 2019,54,0,Assignment4Suite,ContainsTest2 EmptyTest0 EmptyTest1 EmptyTest2 FindMinMaxTest0 FindMinMaxTest2 HeightTest InsertAfterRemoveTest0 InsertTest5 RemoveTest0 RemoveTest1 RemoveTest2 RemoveTest3 SizeTest0 SizeTest1 SizeTest2 SizeTest3 , ,ContainsTest0 ContainsTest1 FindMinMaxTest1 InsertAfterRemoveTest1 InsertAfterRemoveTest2 InsertTest0 InsertTest1 InsertTest2 InsertTest3 InsertTest4 RemoveTest4 RemoveTest5 RemoveTest6 RemoveTest7 , ,
42,Wed Oct 30 20:51:27 EDT 2019,54,0,Assignment4Suite,ContainsTest2 EmptyTest0 EmptyTest1 EmptyTest2 FindMinMaxTest0 FindMinMaxTest2 HeightTest InsertAfterRemoveTest0 InsertTest5 RemoveTest0 RemoveTest1 RemoveTest2 RemoveTest3 SizeTest0 SizeTest1 SizeTest2 SizeTest3 , ,ContainsTest0 ContainsTest1 FindMinMaxTest1 InsertAfterRemoveTest1 InsertAfterRemoveTest2 InsertTest0 InsertTest1 InsertTest2 InsertTest3 InsertTest4 RemoveTest4 RemoveTest5 RemoveTest6 RemoveTest7 , ,
43,Wed Oct 30 20:54:14 EDT 2019,54,0,Assignment4Suite,ContainsTest2 EmptyTest0 EmptyTest1 EmptyTest2 FindMinMaxTest0 FindMinMaxTest2 HeightTest InsertAfterRemoveTest0 InsertTest5 RemoveTest0 RemoveTest1 RemoveTest2 RemoveTest3 SizeTest0 SizeTest1 SizeTest2 SizeTest3 , ,ContainsTest0 ContainsTest1 FindMinMaxTest1 InsertAfterRemoveTest1 InsertAfterRemoveTest2 InsertTest0 InsertTest1 InsertTest2 InsertTest3 InsertTest4 RemoveTest4 RemoveTest5 RemoveTest6 RemoveTest7 , ,
44,Wed Oct 30 21:14:21 EDT 2019,19,-35,Assignment4Suite,EmptyTest0 FindMinMaxTest0 InsertAfterRemoveTest0 SizeTest0 SizeTest1 SizeTest3 , ,ContainsTest0 ContainsTest1 ContainsTest2- EmptyTest1- EmptyTest2- FindMinMaxTest1 FindMinMaxTest2- HeightTest- InsertAfterRemoveTest1 InsertAfterRemoveTest2 InsertTest0 InsertTest1 InsertTest2 InsertTest3 InsertTest4 InsertTest5- RemoveTest0- RemoveTest1- RemoveTest2- RemoveTest3- RemoveTest4 RemoveTest5 RemoveTest6 RemoveTest7 SizeTest2- , ,
45,Wed Oct 30 21:14:32 EDT 2019,41,22,Assignment4Suite,ContainsTest0+ ContainsTest2+ EmptyTest0 EmptyTest2+ FindMinMaxTest0 HeightTest+ InsertAfterRemoveTest0 RemoveTest0+ RemoveTest1+ SizeTest0 SizeTest1 SizeTest2+ SizeTest3 , ,ContainsTest1 EmptyTest1 FindMinMaxTest1 FindMinMaxTest2 InsertAfterRemoveTest1 InsertAfterRemoveTest2 InsertTest0 InsertTest1 InsertTest2 InsertTest3 InsertTest4 InsertTest5 RemoveTest2 RemoveTest3 RemoveTest4 RemoveTest5 RemoveTest6 RemoveTest7 , ,
46,Wed Oct 30 21:15:00 EDT 2019,54,13,Assignment4Suite,ContainsTest2 EmptyTest0 EmptyTest1+ EmptyTest2 FindMinMaxTest0 FindMinMaxTest2+ HeightTest InsertAfterRemoveTest0 InsertTest5+ RemoveTest0 RemoveTest1 RemoveTest2+ RemoveTest3+ SizeTest0 SizeTest1 SizeTest2 SizeTest3 , ,ContainsTest0- ContainsTest1 FindMinMaxTest1 InsertAfterRemoveTest1 InsertAfterRemoveTest2 InsertTest0 InsertTest1 InsertTest2 InsertTest3 InsertTest4 RemoveTest4 RemoveTest5 RemoveTest6 RemoveTest7 , ,
47,Thu Oct 31 10:54:51 EDT 2019,54,0,Assignment4Suite,ContainsTest2 EmptyTest0 EmptyTest1 EmptyTest2 FindMinMaxTest0 FindMinMaxTest2 HeightTest InsertAfterRemoveTest0 InsertTest5 RemoveTest0 RemoveTest1 RemoveTest2 RemoveTest3 SizeTest0 SizeTest1 SizeTest2 SizeTest3 , ,ContainsTest0 ContainsTest1 FindMinMaxTest1 InsertAfterRemoveTest1 InsertAfterRemoveTest2 InsertTest0 InsertTest1 InsertTest2 InsertTest3 InsertTest4 RemoveTest4 RemoveTest5 RemoveTest6 RemoveTest7 , ,
48,Thu Oct 31 11:11:04 EDT 2019,54,0,Assignment4Suite,ContainsTest2 EmptyTest0 EmptyTest1 EmptyTest2 FindMinMaxTest0 FindMinMaxTest2 HeightTest InsertAfterRemoveTest0 InsertTest5 RemoveTest0 RemoveTest1 RemoveTest2 RemoveTest3 SizeTest0 SizeTest1 SizeTest2 SizeTest3 , ,ContainsTest0 ContainsTest1 FindMinMaxTest1 InsertAfterRemoveTest1 InsertAfterRemoveTest2 InsertTest0 InsertTest1 InsertTest2 InsertTest3 InsertTest4 RemoveTest4 RemoveTest5 RemoveTest6 RemoveTest7 , ,
49,Thu Oct 31 11:14:54 EDT 2019,54,0,Assignment4Suite,ContainsTest2 EmptyTest0 EmptyTest1 EmptyTest2 FindMinMaxTest0 FindMinMaxTest2 HeightTest InsertAfterRemoveTest0 InsertTest5 RemoveTest0 RemoveTest1 RemoveTest2 RemoveTest3 SizeTest0 SizeTest1 SizeTest2 SizeTest3 , ,ContainsTest0 ContainsTest1 FindMinMaxTest1 InsertAfterRemoveTest1 InsertAfterRemoveTest2 InsertTest0 InsertTest1 InsertTest2 InsertTest3 InsertTest4 RemoveTest4 RemoveTest5 RemoveTest6 RemoveTest7 , ,
50,Thu Oct 31 11:28:39 EDT 2019,45,-9,Assignment4Suite,ContainsTest0+ ContainsTest2 EmptyTest0 EmptyTest2 FindMinMaxTest0 FindMinMaxTest1+ HeightTest InsertAfterRemoveTest0 RemoveTest0 RemoveTest1 SizeTest0 SizeTest1 SizeTest2 SizeTest3 , ,ContainsTest1 EmptyTest1- FindMinMaxTest2- InsertAfterRemoveTest1 InsertAfterRemoveTest2 InsertTest0 InsertTest1 InsertTest2 InsertTest3 InsertTest4 InsertTest5- RemoveTest2- RemoveTest3- RemoveTest4 RemoveTest5 RemoveTest6 RemoveTest7 , ,
51,Thu Oct 31 11:35:19 EDT 2019,45,0,Assignment4Suite,ContainsTest0 ContainsTest2 EmptyTest0 EmptyTest2 FindMinMaxTest0 FindMinMaxTest1 HeightTest InsertAfterRemoveTest0 RemoveTest0 RemoveTest1 SizeTest0 SizeTest1 SizeTest2 SizeTest3 , ,ContainsTest1 EmptyTest1 FindMinMaxTest2 InsertAfterRemoveTest1 InsertAfterRemoveTest2 InsertTest0 InsertTest1 InsertTest2 InsertTest3 InsertTest4 InsertTest5 RemoveTest2 RemoveTest3 RemoveTest4 RemoveTest5 RemoveTest6 RemoveTest7 , ,
52,Thu Oct 31 11:36:01 EDT 2019,54,9,Assignment4Suite,ContainsTest2 EmptyTest0 EmptyTest1+ EmptyTest2 FindMinMaxTest0 FindMinMaxTest2+ HeightTest InsertAfterRemoveTest0 InsertTest5+ RemoveTest0 RemoveTest1 RemoveTest2+ RemoveTest3+ SizeTest0 SizeTest1 SizeTest2 SizeTest3 , ,ContainsTest0- ContainsTest1 FindMinMaxTest1- InsertAfterRemoveTest1 InsertAfterRemoveTest2 InsertTest0 InsertTest1 InsertTest2 InsertTest3 InsertTest4 RemoveTest4 RemoveTest5 RemoveTest6 RemoveTest7 , ,
53,Thu Oct 31 11:41:08 EDT 2019,48,-6,Assignment4Suite,ContainsTest2 EmptyTest0 EmptyTest2 FindMinMaxTest0 FindMinMaxTest2 HeightTest InsertAfterRemoveTest0 InsertTest5 RemoveTest0 RemoveTest2 RemoveTest3 SizeTest0 SizeTest1 SizeTest2 SizeTest3 , ,ContainsTest0 ContainsTest1 EmptyTest1- FindMinMaxTest1 InsertAfterRemoveTest1 InsertAfterRemoveTest2 InsertTest0 InsertTest1 InsertTest2 InsertTest3 InsertTest4 RemoveTest1- RemoveTest4 RemoveTest5 RemoveTest6 RemoveTest7 , ,
54,Thu Oct 31 11:41:20 EDT 2019,48,0,Assignment4Suite,ContainsTest2 EmptyTest0 EmptyTest2 FindMinMaxTest0 FindMinMaxTest2 HeightTest InsertAfterRemoveTest0 InsertTest5 RemoveTest0 RemoveTest2 RemoveTest3 SizeTest0 SizeTest1 SizeTest2 SizeTest3 , ,ContainsTest0 ContainsTest1 EmptyTest1 FindMinMaxTest1 InsertAfterRemoveTest1 InsertAfterRemoveTest2 InsertTest0 InsertTest1 InsertTest2 InsertTest3 InsertTest4 RemoveTest1 RemoveTest4 RemoveTest5 RemoveTest6 RemoveTest7 , ,
55,Thu Oct 31 12:53:51 EDT 2019,25,-23,Assignment4Suite,ContainsTest2 EmptyTest0 FindMinMaxTest0 InsertAfterRemoveTest0 RemoveTest1+ SizeTest0 SizeTest1 SizeTest3 , ,ContainsTest0 ContainsTest1 EmptyTest1 EmptyTest2- FindMinMaxTest1 FindMinMaxTest2- HeightTest- InsertAfterRemoveTest1 InsertAfterRemoveTest2 InsertTest0 InsertTest1 InsertTest2 InsertTest3 InsertTest4 InsertTest5- RemoveTest0- RemoveTest2- RemoveTest3- RemoveTest4 RemoveTest5 RemoveTest6 RemoveTest7 SizeTest2- , ,
56,Thu Oct 31 12:56:07 EDT 2019,25,0,Assignment4Suite,ContainsTest2 EmptyTest0 FindMinMaxTest0 InsertAfterRemoveTest0 RemoveTest1 SizeTest0 SizeTest1 SizeTest3 , ,ContainsTest0 ContainsTest1 EmptyTest1 EmptyTest2 FindMinMaxTest1 FindMinMaxTest2 HeightTest InsertAfterRemoveTest1 InsertAfterRemoveTest2 InsertTest0 InsertTest1 InsertTest2 InsertTest3 InsertTest4 InsertTest5 RemoveTest0 RemoveTest2 RemoveTest3 RemoveTest4 RemoveTest5 RemoveTest6 RemoveTest7 SizeTest2 , ,
57,Thu Oct 31 13:04:07 EDT 2019,25,0,Assignment4Suite,ContainsTest2 EmptyTest0 FindMinMaxTest0 InsertAfterRemoveTest0 RemoveTest1 SizeTest0 SizeTest1 SizeTest3 , ,ContainsTest0 ContainsTest1 EmptyTest1 EmptyTest2 FindMinMaxTest1 FindMinMaxTest2 HeightTest InsertAfterRemoveTest1 InsertAfterRemoveTest2 InsertTest0 InsertTest1 InsertTest2 InsertTest3 InsertTest4 InsertTest5 RemoveTest0 RemoveTest2 RemoveTest3 RemoveTest4 RemoveTest5 RemoveTest6 RemoveTest7 SizeTest2 , ,
58,Thu Oct 31 13:45:42 EDT 2019,32,7,Assignment4Suite,ContainsTest2 EmptyTest0 EmptyTest2+ FindMinMaxTest0 FindMinMaxTest2+ InsertAfterRemoveTest0 SizeTest0 SizeTest1 SizeTest2+ SizeTest3 , ,ContainsTest0 ContainsTest1 EmptyTest1 FindMinMaxTest1 HeightTest InsertAfterRemoveTest1 InsertAfterRemoveTest2 InsertTest0 InsertTest1 InsertTest2 InsertTest3 InsertTest4 InsertTest5 RemoveTest0 RemoveTest1- RemoveTest2 RemoveTest3 RemoveTest4 RemoveTest5 RemoveTest6 RemoveTest7 , ,
59,Thu Oct 31 14:31:18 EDT 2019,41,9,Assignment4Suite,ContainsTest2 EmptyTest0 EmptyTest1+ EmptyTest2 FindMinMaxTest0 FindMinMaxTest2 HeightTest+ InsertAfterRemoveTest0 InsertTest5+ SizeTest0 SizeTest1 SizeTest2 SizeTest3 , ,ContainsTest0 ContainsTest1 FindMinMaxTest1 InsertAfterRemoveTest1 InsertAfterRemoveTest2 InsertTest0 InsertTest1 InsertTest2 InsertTest3 InsertTest4 RemoveTest0 RemoveTest1 RemoveTest2 RemoveTest3 RemoveTest4 RemoveTest5 RemoveTest6 RemoveTest7 , ,
60,Thu Oct 31 14:32:52 EDT 2019,41,0,Assignment4Suite,ContainsTest2 EmptyTest0 EmptyTest1 EmptyTest2 FindMinMaxTest0 FindMinMaxTest2 HeightTest InsertAfterRemoveTest0 InsertTest5 SizeTest0 SizeTest1 SizeTest2 SizeTest3 , ,ContainsTest0 ContainsTest1 FindMinMaxTest1 InsertAfterRemoveTest1 InsertAfterRemoveTest2 InsertTest0 InsertTest1 InsertTest2 InsertTest3 InsertTest4 RemoveTest0 RemoveTest1 RemoveTest2 RemoveTest3 RemoveTest4 RemoveTest5 RemoveTest6 RemoveTest7 , ,
61,Thu Oct 31 14:33:58 EDT 2019,41,0,Assignment4Suite,ContainsTest2 EmptyTest0 EmptyTest1 EmptyTest2 FindMinMaxTest0 FindMinMaxTest2 HeightTest InsertAfterRemoveTest0 InsertTest5 SizeTest0 SizeTest1 SizeTest2 SizeTest3 , ,ContainsTest0 ContainsTest1 FindMinMaxTest1 InsertAfterRemoveTest1 InsertAfterRemoveTest2 InsertTest0 InsertTest1 InsertTest2 InsertTest3 InsertTest4 RemoveTest0 RemoveTest1 RemoveTest2 RemoveTest3 RemoveTest4 RemoveTest5 RemoveTest6 RemoveTest7 , ,
62,Thu Oct 31 14:34:41 EDT 2019,41,0,Assignment4Suite,ContainsTest2 EmptyTest0 EmptyTest1 EmptyTest2 FindMinMaxTest0 FindMinMaxTest2 HeightTest InsertAfterRemoveTest0 InsertTest5 SizeTest0 SizeTest1 SizeTest2 SizeTest3 , ,ContainsTest0 ContainsTest1 FindMinMaxTest1 InsertAfterRemoveTest1 InsertAfterRemoveTest2 InsertTest0 InsertTest1 InsertTest2 InsertTest3 InsertTest4 RemoveTest0 RemoveTest1 RemoveTest2 RemoveTest3 RemoveTest4 RemoveTest5 RemoveTest6 RemoveTest7 , ,
63,Thu Oct 31 16:47:30 EDT 2019,41,0,Assignment4Suite,ContainsTest2 EmptyTest0 EmptyTest2 FindMinMaxTest0 FindMinMaxTest2 HeightTest InsertAfterRemoveTest0 InsertTest5 RemoveTest1+ SizeTest0 SizeTest1 SizeTest2 SizeTest3 , ,ContainsTest0 ContainsTest1 EmptyTest1- FindMinMaxTest1 InsertAfterRemoveTest1 InsertAfterRemoveTest2 InsertTest0 InsertTest1 InsertTest2 InsertTest3 InsertTest4 RemoveTest0 RemoveTest2 RemoveTest3 RemoveTest4 RemoveTest5 RemoveTest6 RemoveTest7 , ,
64,Fri Nov 01 11:02:41 EDT 2019,54,13,Assignment4Suite,ContainsTest0+ ContainsTest2 EmptyTest0 EmptyTest1+ EmptyTest2 FindMinMaxTest0 FindMinMaxTest1+ FindMinMaxTest2 HeightTest InsertAfterRemoveTest0 InsertAfterRemoveTest2+ InsertTest5 RemoveTest7+ SizeTest0 SizeTest1 SizeTest2 SizeTest3 , ,ContainsTest1 InsertAfterRemoveTest1 InsertTest0 InsertTest1 InsertTest2 InsertTest3 InsertTest4 RemoveTest0 RemoveTest1- RemoveTest2 RemoveTest3 RemoveTest4 RemoveTest5 RemoveTest6 , ,
65,Fri Nov 01 11:27:37 EDT 2019,51,-3,Assignment4Suite,ContainsTest0 ContainsTest2 EmptyTest0 EmptyTest2 FindMinMaxTest0 FindMinMaxTest1 FindMinMaxTest2 HeightTest InsertAfterRemoveTest0 InsertTest5 RemoveTest0+ RemoveTest7 SizeTest0 SizeTest1 SizeTest2 SizeTest3 , ,ContainsTest1 EmptyTest1- InsertAfterRemoveTest1 InsertAfterRemoveTest2- InsertTest0 InsertTest1 InsertTest2 InsertTest3 InsertTest4 RemoveTest1 RemoveTest2 RemoveTest3 RemoveTest4 RemoveTest5 RemoveTest6 , ,
66,Fri Nov 01 11:31:15 EDT 2019,41,-10,Assignment4Suite,ContainsTest0 ContainsTest2 EmptyTest0 FindMinMaxTest0 FindMinMaxTest1 FindMinMaxTest2 HeightTest InsertAfterRemoveTest0 InsertTest5 RemoveTest7 SizeTest0 SizeTest1 SizeTest3 , ,ContainsTest1 EmptyTest1 EmptyTest2- InsertAfterRemoveTest1 InsertAfterRemoveTest2 InsertTest0 InsertTest1 InsertTest2 InsertTest3 InsertTest4 RemoveTest0- RemoveTest1 RemoveTest2 RemoveTest3 RemoveTest4 RemoveTest5 RemoveTest6 SizeTest2- , ,
67,Fri Nov 01 11:44:31 EDT 2019,67,26,Assignment4Suite,ContainsTest0 ContainsTest2 EmptyTest0 EmptyTest1+ EmptyTest2+ FindMinMaxTest0 FindMinMaxTest1 FindMinMaxTest2 HeightTest InsertAfterRemoveTest0 InsertTest5 RemoveTest0+ RemoveTest2+ RemoveTest3+ RemoveTest4+ RemoveTest6+ RemoveTest7 SizeTest0 SizeTest1 SizeTest2+ SizeTest3 , ,ContainsTest1 InsertAfterRemoveTest1 InsertAfterRemoveTest2 InsertTest0 InsertTest1 InsertTest2 InsertTest3 InsertTest4 RemoveTest1 RemoveTest5 , ,
68,Fri Nov 01 11:52:02 EDT 2019,70,3,Assignment4Suite,ContainsTest0 ContainsTest1+ ContainsTest2 EmptyTest0 EmptyTest2 FindMinMaxTest0 FindMinMaxTest1 FindMinMaxTest2 HeightTest InsertAfterRemoveTest0 InsertTest5 RemoveTest0 RemoveTest1+ RemoveTest2 RemoveTest3 RemoveTest4 RemoveTest5+ RemoveTest6 RemoveTest7 SizeTest0 SizeTest1 SizeTest3 , ,EmptyTest1- InsertAfterRemoveTest1 InsertAfterRemoveTest2 InsertTest0 InsertTest1 InsertTest2 InsertTest3 InsertTest4 SizeTest2- , ,
69,Fri Nov 01 11:52:13 EDT 2019,70,0,Assignment4Suite,ContainsTest0 ContainsTest1 ContainsTest2 EmptyTest0 EmptyTest2 FindMinMaxTest0 FindMinMaxTest1 FindMinMaxTest2 HeightTest InsertAfterRemoveTest0 InsertTest5 RemoveTest0 RemoveTest1 RemoveTest2 RemoveTest3 RemoveTest4 RemoveTest5 RemoveTest6 RemoveTest7 SizeTest0 SizeTest1 SizeTest3 , ,EmptyTest1 InsertAfterRemoveTest1 InsertAfterRemoveTest2 InsertTest0 InsertTest1 InsertTest2 InsertTest3 InsertTest4 SizeTest2 , ,
70,Fri Nov 01 11:52:31 EDT 2019,70,0,RemoveTestSuite,ContainsTest0 ContainsTest1 ContainsTest2 EmptyTest0 EmptyTest2 FindMinMaxTest0 FindMinMaxTest1 FindMinMaxTest2 HeightTest InsertAfterRemoveTest0 InsertTest5 RemoveTest0 RemoveTest1 RemoveTest2 RemoveTest3 RemoveTest4 RemoveTest5 RemoveTest6 RemoveTest7 SizeTest0 SizeTest1 SizeTest3 , ,EmptyTest1 InsertAfterRemoveTest1 InsertAfterRemoveTest2 InsertTest0 InsertTest1 InsertTest2 InsertTest3 InsertTest4 SizeTest2 , ,
71,Fri Nov 01 11:53:45 EDT 2019,70,0,Assignment4Suite,ContainsTest0 ContainsTest1 ContainsTest2 EmptyTest0 EmptyTest2 FindMinMaxTest0 FindMinMaxTest1 FindMinMaxTest2 HeightTest InsertAfterRemoveTest0 InsertTest5 RemoveTest0 RemoveTest1 RemoveTest2 RemoveTest3 RemoveTest4 RemoveTest5 RemoveTest6 RemoveTest7 SizeTest0 SizeTest1 SizeTest3 , ,EmptyTest1 InsertAfterRemoveTest1 InsertAfterRemoveTest2 InsertTest0 InsertTest1 InsertTest2 InsertTest3 InsertTest4 SizeTest2 , ,
72,Fri Nov 01 11:54:14 EDT 2019,77,7,Assignment4Suite,ContainsTest0 ContainsTest1 ContainsTest2 EmptyTest0 EmptyTest1+ EmptyTest2 FindMinMaxTest0 FindMinMaxTest1 FindMinMaxTest2 HeightTest InsertAfterRemoveTest0 InsertTest5 RemoveTest0 RemoveTest1 RemoveTest2 RemoveTest3 RemoveTest4 RemoveTest5 RemoveTest6 RemoveTest7 SizeTest0 SizeTest1 SizeTest2+ SizeTest3 , ,InsertAfterRemoveTest1 InsertAfterRemoveTest2 InsertTest0 InsertTest1 InsertTest2 InsertTest3 InsertTest4 , ,
73,Fri Nov 01 11:55:32 EDT 2019,77,0,Assignment4Suite,ContainsTest0 ContainsTest1 ContainsTest2 EmptyTest0 EmptyTest1 EmptyTest2 FindMinMaxTest0 FindMinMaxTest1 FindMinMaxTest2 HeightTest InsertAfterRemoveTest0 InsertTest5 RemoveTest0 RemoveTest1 RemoveTest2 RemoveTest3 RemoveTest4 RemoveTest5 RemoveTest6 RemoveTest7 SizeTest0 SizeTest1 SizeTest2 SizeTest3 , ,InsertAfterRemoveTest1 InsertAfterRemoveTest2 InsertTest0 InsertTest1 InsertTest2 InsertTest3 InsertTest4 , ,
74,Fri Nov 01 11:56:03 EDT 2019,100,23,Assignment4Suite,ContainsTest0 ContainsTest1 ContainsTest2 EmptyTest0 EmptyTest1 EmptyTest2 FindMinMaxTest0 FindMinMaxTest1 FindMinMaxTest2 HeightTest InsertAfterRemoveTest0 InsertAfterRemoveTest1+ InsertAfterRemoveTest2+ InsertTest0+ InsertTest1+ InsertTest2+ InsertTest3+ InsertTest4+ InsertTest5 RemoveTest0 RemoveTest1 RemoveTest2 RemoveTest3 RemoveTest4 RemoveTest5 RemoveTest6 RemoveTest7 SizeTest0 SizeTest1 SizeTest2 SizeTest3 , , , ,
75,Fri Nov 01 11:57:23 EDT 2019,100,0,Assignment4Suite,ContainsTest0 ContainsTest1 ContainsTest2 EmptyTest0 EmptyTest1 EmptyTest2 FindMinMaxTest0 FindMinMaxTest1 FindMinMaxTest2 HeightTest InsertAfterRemoveTest0 InsertAfterRemoveTest1 InsertAfterRemoveTest2 InsertTest0 InsertTest1 InsertTest2 InsertTest3 InsertTest4 InsertTest5 RemoveTest0 RemoveTest1 RemoveTest2 RemoveTest3 RemoveTest4 RemoveTest5 RemoveTest6 RemoveTest7 SizeTest0 SizeTest1 SizeTest2 SizeTest3 , , , ,
76,Fri Nov 01 13:30:08 EDT 2019,100,0,Assignment4Suite,ContainsTest0 ContainsTest1 ContainsTest2 EmptyTest0 EmptyTest1 EmptyTest2 FindMinMaxTest0 FindMinMaxTest1 FindMinMaxTest2 HeightTest InsertAfterRemoveTest0 InsertAfterRemoveTest1 InsertAfterRemoveTest2 InsertTest0 InsertTest1 InsertTest2 InsertTest3 InsertTest4 InsertTest5 RemoveTest0 RemoveTest1 RemoveTest2 RemoveTest3 RemoveTest4 RemoveTest5 RemoveTest6 RemoveTest7 SizeTest0 SizeTest1 SizeTest2 SizeTest3 , , , ,
77,Fri Nov 01 19:24:09 EDT 2019,100,0,Assignment4Suite,ContainsTest0 ContainsTest1 ContainsTest2 EmptyTest0 EmptyTest1 EmptyTest2 FindMinMaxTest0 FindMinMaxTest1 FindMinMaxTest2 HeightTest InsertAfterRemoveTest0 InsertAfterRemoveTest1 InsertAfterRemoveTest2 InsertTest0 InsertTest1 InsertTest2 InsertTest3 InsertTest4 InsertTest5 RemoveTest0 RemoveTest1 RemoveTest2 RemoveTest3 RemoveTest4 RemoveTest5 RemoveTest6 RemoveTest7 SizeTest0 SizeTest1 SizeTest2 SizeTest3 , , , ,
78,Sun Nov 03 09:05:51 EST 2019,100,0,Assignment4Suite,ContainsTest0 ContainsTest1 ContainsTest2 EmptyTest0 EmptyTest1 EmptyTest2 FindMinMaxTest0 FindMinMaxTest1 FindMinMaxTest2 HeightTest InsertAfterRemoveTest0 InsertAfterRemoveTest1 InsertAfterRemoveTest2 InsertTest0 InsertTest1 InsertTest2 InsertTest3 InsertTest4 InsertTest5 RemoveTest0 RemoveTest1 RemoveTest2 RemoveTest3 RemoveTest4 RemoveTest5 RemoveTest6 RemoveTest7 SizeTest0 SizeTest1 SizeTest2 SizeTest3 , , , ,
